startTime,endTime,day_night_max_duration,day_night_avg_duration,day_max_duration,day_avg_duration,night_max_duration,night_avg_duration,day_trip_count,night_trip_count,all_trip_count,Motion-Toilet,Motion-Sink,Motion-Area,Wake-Up-Hr,Wake-Up-Minute,Sleep-Hr,Sleep-Minute,Date,UTILabel
2017-09-01 01:40:48.037995,2017-09-01 21:51:55.596239,2.1,2.1,2.1,2.1,,,1,0,1,4,5,0,1,42,21,56,2017-09-01,0
2017-09-02 08:29:16.823338,2017-09-02 22:08:01.071022,1.1666666666666667,0.8055555555555557,1.1666666666666667,0.8055555555555557,,,3,0,3,1,12,0,8,30,22,12,2017-09-02,0
2017-09-03 06:51:13.073273,2017-09-03 21:13:42.906603,,,,,,,0,0,0,0,0,0,8,5,21,0,2017-09-03,0
2017-09-04 05:29:47.091418,2017-09-04 21:19:50.610450,,,,,,,0,0,0,0,0,0,5,30,21,0,2017-09-04,0
2017-09-05 08:17:42.516037,2017-09-05 22:21:12.784262,2.6166666666666667,1.4833333333333334,2.6166666666666667,1.4833333333333334,,,2,0,2,3,22,0,8,18,21,0,2017-09-05,0
2017-09-06 06:14:09.944176,2017-09-06 21:58:48.751038,1.4,1.4,1.4,1.4,,,1,0,1,0,13,0,6,15,21,0,2017-09-06,0
2017-09-07 07:39:15.400630,2017-09-07 22:19:07.598783,10.05,6.316666666666667,10.05,6.316666666666667,,,2,0,2,4,18,0,7,40,22,23,2017-09-07,0
2017-09-08 07:55:33.026772,2017-09-08 21:24:37.023266,5.416666666666667,2.95,5.416666666666667,2.95,,,2,0,2,4,3,0,7,56,21,0,2017-09-08,0
2017-09-09 02:16:25.574762,2017-09-09 21:04:05.865581,15.15,6.8100000000000005,15.15,6.8100000000000005,,,5,0,5,49,9,0,8,28,21,0,2017-09-09,0
2017-09-10 07:40:08.397943,2017-09-10 22:14:34.347265,0.6333333333333333,0.5166666666666666,,,0.6333333333333333,0.5166666666666666,0,2,2,0,1,0,7,41,21,0,2017-09-10,0
2017-09-11 08:03:40.041565,2017-09-11 21:34:04.249135,2.6166666666666667,1.475,2.6166666666666667,1.475,,,2,0,2,2,12,0,8,4,21,0,2017-09-11,0
2017-09-12 00:51:56.949381,2017-09-12 22:14:36.853763,2.1,1.1055555555555556,2.1,1.1055555555555556,,,3,0,3,3,5,0,5,43,21,0,2017-09-12,0
2017-09-13 07:01:58.707037,2017-09-13 22:01:58.702467,0.9,0.9,0.9,0.9,,,1,0,1,0,1,0,7,3,21,0,2017-09-13,0
2017-09-14 06:07:18.178652,2017-09-14 21:17:31.240653,,,,,,,0,0,0,0,0,0,6,8,21,0,2017-09-14,0
2017-09-15 01:25:10.440670,2017-09-15 21:58:43.082503,3.6666666666666665,3.6666666666666665,3.6666666666666665,3.6666666666666665,,,1,0,1,0,27,0,1,26,22,3,2017-09-15,0
2017-09-16 08:30:37.401375,2017-09-16 21:06:49.365148,17.666666666666668,6.216666666666668,17.666666666666668,6.216666666666668,,,3,0,3,29,6,0,8,31,21,0,2017-09-16,0
2017-09-17 02:03:17.422733,2017-09-17 22:01:27.879591,1.6,1.3083333333333331,1.6,1.3083333333333331,,,2,0,2,2,19,0,7,12,21,0,2017-09-17,0
2017-09-18 04:39:11.083533,2017-09-18 23:57:42.998213,3.45,2.908333333333333,3.45,2.908333333333333,,,2,0,2,4,21,0,4,40,21,0,2017-09-18,0
2017-09-19 07:34:59.616444,2017-09-19 22:22:12.199032,2.2666666666666666,2.2666666666666666,2.2666666666666666,2.2666666666666666,,,1,0,1,1,14,0,7,36,22,27,2017-09-19,0
2017-09-20 08:52:29.571481,2017-09-20 22:24:27.849019,9.483333333333333,6.6,9.483333333333333,6.6,,,2,0,2,25,21,0,8,53,21,0,2017-09-20,0
2017-09-21 06:06:25.467004,2017-09-21 23:41:33.418951,25.05,4.1125,25.05,4.492857142857143,1.45,1.45,7,1,8,16,6,0,6,7,21,0,2017-09-21,0
2017-09-22 07:34:38.641968,2017-09-22 21:33:39.627007,2.566666666666667,2.566666666666667,2.566666666666667,2.566666666666667,,,1,0,1,0,8,0,7,35,21,0,2017-09-22,0
2017-09-23 02:28:01.713037,2017-09-23 22:42:33.944869,0.85,0.85,0.85,0.85,,,1,0,1,2,1,0,2,29,21,0,2017-09-23,0
2017-09-24 05:08:51.168729,2017-09-24 21:52:19.415090,1.3166666666666669,0.9583333333333331,1.3166666666666669,0.9583333333333331,,,4,0,4,6,5,0,5,10,21,0,2017-09-24,0
2017-09-25 06:53:50.463927,2017-09-25 22:26:49.161398,218.2,56.7875,218.2,56.7875,,,4,0,4,30,38,0,6,55,22,0,2017-09-25,0
2017-09-26 06:55:20.081990,2017-09-26 22:04:53.244294,5.166666666666667,2.6722222222222225,5.166666666666667,2.6722222222222225,,,3,0,3,16,26,0,6,56,21,0,2017-09-26,0
2017-09-27 00:50:14.175282,2017-09-27 22:15:49.655365,2.816666666666667,1.606666666666667,2.816666666666667,1.606666666666667,,,5,0,5,15,8,0,7,23,21,0,2017-09-27,0
2017-09-28 00:39:31.859958,2017-09-28 23:54:16.135509,2.55,1.272222222222222,2.55,1.272222222222222,,,3,0,3,4,21,0,8,12,21,45,2017-09-28,0
2017-09-29 06:40:27.564701,2017-09-29 21:51:23.551768,1.55,0.95,1.55,0.95,,,2,0,2,3,0,0,6,41,21,56,2017-09-29,0
2017-09-30 07:39:36.153074,2017-09-30 21:47:02.087933,3.65,1.6166666666666667,3.65,1.6166666666666667,,,5,0,5,5,4,0,7,40,21,0,2017-09-30,0
2017-10-01 07:43:05.909661,2017-10-01 22:29:09.182226,0.8,0.6333333333333333,0.8,0.6333333333333333,,,2,0,2,0,6,0,7,44,21,0,2017-10-01,0
2017-10-02 05:38:38.804277,2017-10-02 21:37:09.924719,2.9833333333333334,1.25,2.9833333333333334,1.25,,,4,0,4,9,26,0,7,45,21,0,2017-10-02,0
2017-10-03 04:38:21.118047,2017-10-03 21:59:13.436726,14.55,9.575,14.55,9.575,,,2,0,2,10,3,0,4,39,22,4,2017-10-03,0
2017-10-04 08:31:18.841978,2017-10-04 21:30:51.412497,15.433333333333334,6.2375,15.433333333333334,6.2375,,,4,0,4,77,33,0,8,32,21,0,2017-10-04,0
2017-10-05 08:09:46.763214,2017-10-05 21:20:45.004647,2.466666666666667,1.0203703703703704,2.466666666666667,1.0203703703703704,,,9,0,9,8,25,0,8,10,21,0,2017-10-05,0
2017-10-06 07:06:25.879338,2017-10-06 21:54:52.996838,2.9,1.5666666666666669,2.9,1.5666666666666669,,,5,0,5,22,11,0,8,19,21,0,2017-10-06,0
2017-10-07 01:27:27.375169,2017-10-07 21:23:28.068854,3.066666666666667,1.8733333333333333,3.066666666666667,1.8733333333333333,,,5,0,5,16,17,0,1,28,21,0,2017-10-07,0
2017-10-08 08:38:29.592783,2017-10-08 22:01:37.287697,1.05,0.64,0.4,0.3666666666666667,1.05,0.8222222222222223,2,3,5,3,7,0,8,39,21,0,2017-10-08,0
2017-10-09 08:07:33.246505,2017-10-09 23:27:37.653723,2.783333333333333,1.5416666666666667,2.783333333333333,1.5416666666666667,,,4,0,4,8,28,0,8,8,21,0,2017-10-09,0
2017-10-10 01:58:53.141153,2017-10-10 21:51:08.079190,3.65,1.5266666666666666,3.65,1.5266666666666666,,,5,0,5,5,27,0,2,0,21,55,2017-10-10,0
2017-10-11 06:55:47.752099,2017-10-11 23:36:34.427025,5.3,2.6777777777777776,5.3,2.6777777777777776,,,3,0,3,10,16,0,6,57,21,0,2017-10-11,0
2017-10-12 07:17:09.051115,2017-10-12 21:28:02.940222,2.7333333333333334,0.8800000000000001,2.7333333333333334,0.8800000000000001,,,5,0,5,5,28,0,7,18,21,27,2017-10-12,0
2017-10-13 08:24:50.317785,2017-10-13 23:04:21.011990,4.883333333333334,2.836666666666667,4.883333333333334,2.836666666666667,,,5,0,5,47,37,18,8,26,22,36,2017-10-13,0
2017-10-14 00:53:54.890392,2017-10-14 23:25:35.945554,11.533333333333331,2.208333333333333,11.533333333333331,2.208333333333333,,,14,0,14,47,43,109,8,45,23,9,2017-10-14,0
2017-10-15 00:24:41.800878,2017-10-15 23:40:33.910547,2.9166666666666665,2.4166666666666665,2.9166666666666665,2.4166666666666665,,,2,0,2,11,19,18,6,10,22,24,2017-10-15,0
2017-10-16 00:28:21.943792,2017-10-16 21:46:35.026969,4.866666666666666,1.1133333333333333,4.866666666666666,1.1133333333333333,,,15,0,15,27,34,68,9,26,21,18,2017-10-16,0
2017-10-17 00:01:09.106781,2017-10-17 21:07:04.150384,8.516666666666667,2.3690476190476195,8.516666666666667,2.3690476190476195,,,7,0,7,41,49,92,8,24,21,8,2017-10-17,0
2017-10-18 00:36:33.596385,2017-10-18 21:16:39.141508,3.566666666666667,2.2666666666666666,3.566666666666667,2.2666666666666666,,,6,0,6,20,52,52,7,31,21,19,2017-10-18,0
2017-10-19 00:03:26.858537,2017-10-19 23:59:39.312397,6.85,2.469444444444445,6.85,2.469444444444445,,,6,0,6,34,41,80,8,41,21,22,2017-10-19,0
2017-10-20 00:26:17.861715,2017-10-20 22:11:42.786290,19.58333333333333,4.718333333333333,19.58333333333333,4.718333333333333,,,10,0,10,53,77,107,7,50,21,46,2017-10-20,0
2017-10-21 00:14:34.659090,2017-10-21 23:58:33.978976,7.583333333333333,4.644444444444445,7.583333333333333,4.644444444444445,,,3,0,3,18,12,54,7,41,20,54,2017-10-21,0
2017-10-22 00:00:02.467222,2017-10-22 23:41:46.042877,3.966666666666667,1.2857142857142858,3.966666666666667,1.2857142857142858,,,7,0,7,5,36,56,7,42,21,16,2017-10-22,0
2017-10-23 00:33:00.791132,2017-10-23 21:39:36.660182,12.4,4.825,12.4,4.825,,,4,0,4,19,88,113,8,24,21,40,2017-10-23,0
2017-10-24 00:41:48.074229,2017-10-24 22:16:24.373982,4.033333333333333,2.25,4.033333333333333,2.25,,,5,0,5,15,28,43,7,35,21,53,2017-10-24,0
2017-10-25 00:14:36.463603,2017-10-25 23:51:23.294147,5.733333333333333,2.625,5.733333333333333,2.625,,,8,0,8,36,38,81,8,12,21,8,2017-10-25,0
2017-10-26 02:07:26.120451,2017-10-26 23:48:30.054366,2.316666666666667,1.106666666666667,2.316666666666667,1.106666666666667,,,5,0,5,10,21,28,6,41,20,50,2017-10-26,0
2017-10-27 00:02:07.753783,2017-10-27 22:16:19.278779,12.483333333333333,2.9375,12.483333333333333,2.9375,,,8,0,8,71,46,127,8,0,22,19,2017-10-27,0
2017-10-28 01:15:44.029266,2017-10-28 22:43:12.763341,10.8,3.020833333333333,10.8,3.020833333333333,,,8,0,8,27,56,135,5,45,21,14,2017-10-28,0
2017-10-29 01:19:43.213722,2017-10-29 22:28:37.105010,25.216666666666665,18.441666666666663,25.216666666666665,18.441666666666663,,,2,0,2,101,39,144,8,37,21,15,2017-10-29,0
2017-10-30 00:53:10.907200,2017-10-30 22:10:49.065229,15.05,7.008333333333334,15.05,7.008333333333334,,,4,0,4,70,44,171,7,34,21,33,2017-10-30,0
2017-10-31 00:09:48.828171,2017-10-31 22:39:22.042206,2.966666666666667,1.5261904761904763,2.966666666666667,1.5261904761904763,,,7,0,7,22,37,57,7,40,22,1,2017-10-31,0
2017-11-01 04:04:56.225802,2017-11-01 21:23:47.321338,15.333333333333334,6.827777777777778,15.333333333333334,6.827777777777778,,,3,0,3,35,39,96,6,28,21,26,2017-11-01,0
2017-11-02 00:48:52.403551,2017-11-02 22:15:34.543589,9.533333333333331,1.812745098039216,9.533333333333331,1.812745098039216,,,17,0,17,43,62,114,7,15,21,46,2017-11-02,0
2017-11-03 02:09:51.768872,2017-11-03 22:15:42.584711,4.3,1.780952380952381,4.3,1.780952380952381,,,7,0,7,24,36,45,8,20,21,46,2017-11-03,0
2017-11-04 01:57:42.096241,2017-11-04 23:06:02.440215,23.25,5.215,23.25,4.805555555555555,8.9,8.9,9,1,10,135,73,208,9,8,21,0,2017-11-04,0
2017-11-05 02:43:43.971555,2017-11-05 22:43:42.803216,13.75,3.488888888888889,13.75,3.488888888888889,,,9,0,9,83,72,158,6,53,21,11,2017-11-05,0
2017-11-06 00:21:55.881493,2017-11-06 22:32:32.276205,9.516666666666667,4.555555555555556,9.516666666666667,4.555555555555556,,,3,0,3,31,35,80,8,28,21,55,2017-11-06,0
2017-11-07 00:18:04.873691,2017-11-07 22:57:17.221400,6.266666666666667,1.9142857142857144,6.266666666666667,1.9142857142857144,,,7,0,7,31,38,86,8,1,22,7,2017-11-07,0
2017-11-08 00:52:24.448019,2017-11-08 22:04:19.425600,2.333333333333333,2.075,2.333333333333333,2.075,,,2,0,2,5,20,26,8,15,21,28,2017-11-08,0
2017-11-09 01:16:19.482095,2017-11-09 21:34:39.063682,3.5,1.8722222222222225,3.5,1.8722222222222225,,,9,0,9,25,26,58,7,34,20,52,2017-11-09,0
2017-11-10 01:23:45.452508,2017-11-10 20:04:39.126377,10.416666666666666,3.215,10.416666666666666,3.215,,,10,0,10,67,43,141,6,43,21,0,2017-11-10,0
2017-11-11 00:22:24.324779,2017-11-11 22:26:19.389117,27.28333333333333,6.973333333333334,27.28333333333333,6.973333333333334,,,10,0,10,99,113,214,7,11,21,24,2017-11-11,0
2017-11-12 00:25:10.946713,2017-11-12 21:52:49.966401,7.85,3.375,7.85,3.375,,,4,0,4,17,42,73,5,35,21,50,2017-11-12,0
2017-11-13 01:50:33.045418,2017-11-13 22:36:10.359540,12.566666666666666,4.016666666666667,12.566666666666666,4.016666666666667,,,4,0,4,10,27,33,4,29,21,0,2017-11-13,0
2017-11-14 00:22:57.372766,2017-11-14 21:22:04.692219,47.41666666666666,7.274999999999999,47.41666666666666,7.274999999999999,,,8,0,8,16,18,43,5,42,20,56,2017-11-14,0
2017-11-15 01:40:02.858345,2017-11-15 21:07:40.322006,2.216666666666667,0.8777777777777778,2.216666666666667,0.8777777777777778,,,6,0,6,6,21,26,7,10,20,57,2017-11-15,0
2017-11-16 00:03:45.379710,2017-11-16 21:52:51.657835,5.666666666666667,2.236666666666667,5.666666666666667,2.236666666666667,,,5,0,5,15,32,56,6,48,21,37,2017-11-16,0
2017-11-17 00:47:41.751971,2017-11-17 23:08:46.505191,151.81666666666666,15.204166666666666,151.81666666666666,15.204166666666666,,,12,0,12,60,33,137,7,30,21,58,2017-11-17,0
2017-11-18 01:59:13.257786,2017-11-18 23:08:36.339135,3.316666666666667,2.2750000000000004,3.316666666666667,2.2750000000000004,,,2,0,2,8,28,26,7,39,21,55,2017-11-18,0
2017-11-19 00:03:51.780620,2017-11-19 22:15:21.775417,2.7,1.9777777777777776,2.7,1.9777777777777776,,,3,0,3,9,18,28,7,15,21,39,2017-11-19,0
2017-11-20 01:14:52.386197,2017-11-20 23:03:12.343261,17.566666666666666,7.6625,17.566666666666666,7.6625,,,4,0,4,77,62,178,7,6,21,42,2017-11-20,0
2017-11-21 03:37:43.752080,2017-11-21 22:53:28.555979,25.666666666666668,11.033333333333331,25.666666666666668,11.033333333333331,,,4,0,4,89,57,195,7,21,22,30,2017-11-21,0
2017-11-22 02:43:18.815031,2017-11-22 22:41:48.126532,12.45,4.826666666666666,12.45,4.826666666666666,,,5,0,5,60,57,144,7,31,21,53,2017-11-22,0
2017-11-23 01:34:18.630601,2017-11-23 23:49:58.829746,7.983333333333333,3.511111111111111,7.983333333333333,3.511111111111111,,,6,0,6,27,41,81,7,13,21,6,2017-11-23,0
2017-11-24 00:53:25.012790,2017-11-24 21:40:25.654918,5.966666666666667,3.1375,5.966666666666667,3.1375,,,4,0,4,27,32,66,8,23,21,44,2017-11-24,0
2017-11-25 01:31:41.291635,2017-11-25 21:11:09.729629,30.8,9.370833333333334,30.8,9.370833333333334,,,4,0,4,96,76,200,8,3,21,13,2017-11-25,0
2017-11-26 01:21:36.959841,2017-11-26 22:52:00.544363,14.95,4.16,14.95,4.16,,,5,0,5,34,38,63,6,51,22,17,2017-11-26,0
2017-11-27 01:49:01.163117,2017-11-27 21:42:42.858025,12.016666666666667,4.891666666666667,12.016666666666667,4.891666666666667,,,4,0,4,36,62,104,7,13,21,21,2017-11-27,0
2017-11-28 01:09:07.777282,2017-11-28 23:56:23.730734,8.35,2.533333333333333,8.35,2.533333333333333,,,5,0,5,35,27,74,6,16,22,2,2017-11-28,0
2017-11-29 01:29:13.936978,2017-11-29 21:55:05.414674,9.716666666666669,1.9145833333333333,9.716666666666669,1.9145833333333333,,,8,0,8,21,28,67,7,42,21,57,2017-11-29,0
2017-11-30 01:45:09.545454,2017-11-30 21:45:22.058348,14.95,2.6066666666666665,14.95,2.6066666666666665,,,10,0,10,58,54,116,8,7,21,50,2017-11-30,0
2017-12-01 00:10:53.104489,2017-12-01 22:04:32.309369,5.7,4.433333333333334,5.7,4.433333333333334,,,3,0,3,16,34,56,7,14,21,26,2017-12-01,0
2017-12-02 01:24:41.158773,2017-12-02 21:30:30.283088,5.9,3.0625,5.9,3.0625,,,4,0,4,16,37,53,7,57,21,0,2017-12-02,0
2017-12-03 01:49:08.010910,2017-12-03 21:35:06.118386,10.566666666666666,3.363888888888889,10.566666666666666,3.363888888888889,,,6,0,6,40,53,88,7,55,21,39,2017-12-03,0
2017-12-04 00:01:06.077955,2017-12-04 21:11:08.732413,5.85,2.8666666666666667,5.85,2.8666666666666667,,,7,0,7,44,33,92,7,11,21,1,2017-12-04,0
2017-12-05 02:14:36.424575,2017-12-05 23:17:40.395359,13.433333333333334,3.697619047619048,13.433333333333334,3.697619047619048,,,7,0,7,43,37,82,7,40,22,6,2017-12-05,0
2017-12-06 04:17:30.605614,2017-12-06 22:01:51.790508,3.633333333333333,1.0884615384615386,3.633333333333333,1.0884615384615386,,,13,0,13,23,33,52,8,5,21,0,2017-12-06,0
2017-12-07 01:13:28.575581,2017-12-07 23:23:58.691679,9.15,5.5,9.15,5.5,,,5,0,5,78,49,103,8,1,21,0,2017-12-07,0
2017-12-08 01:10:02.753700,2017-12-08 23:47:51.946084,8.516666666666667,3.888888888888889,8.516666666666667,3.888888888888889,,,6,0,6,35,42,86,8,37,21,25,2017-12-08,0
2017-12-09 00:35:13.911556,2017-12-09 22:49:09.587830,2.683333333333333,1.3916666666666666,2.683333333333333,1.3916666666666666,,,4,0,4,10,24,31,7,19,21,47,2017-12-09,0
2017-12-10 00:54:27.094710,2017-12-10 23:20:55.544226,35.06666666666667,4.825,35.06666666666667,4.825,,,12,0,12,59,52,124,8,46,21,52,2017-12-10,0
2017-12-11 00:57:20.713269,2017-12-11 22:58:27.875471,4.1,1.5523809523809522,4.1,1.5523809523809522,,,7,0,7,12,39,58,8,33,21,28,2017-12-11,0
2017-12-12 00:56:26.518913,2017-12-12 22:52:16.507679,5.466666666666667,4.166666666666667,5.466666666666667,4.166666666666667,,,2,0,2,16,26,35,7,22,22,24,2017-12-12,0
2017-12-13 03:52:58.170506,2017-12-13 22:42:19.432888,4.233333333333333,2.566666666666667,4.233333333333333,2.566666666666667,,,2,0,2,10,19,30,6,14,21,34,2017-12-13,0
2017-12-14 00:54:55.722357,2017-12-14 21:37:47.179162,6.35,1.9047619047619049,6.35,1.9047619047619049,,,7,0,7,32,38,56,8,8,21,36,2017-12-14,0
2017-12-15 02:21:55.775497,2017-12-15 21:39:37.738794,1.85,1.5833333333333337,1.85,1.5833333333333337,,,2,0,2,6,19,20,7,44,21,2,2017-12-15,0
2017-12-16 00:40:38.285362,2017-12-16 23:42:23.657269,8.583333333333334,2.380952380952381,8.583333333333334,2.380952380952381,,,14,0,14,43,61,101,6,57,23,42,2017-12-16,0
2017-12-17 00:09:21.772695,2017-12-17 21:43:54.403357,35.56666666666667,6.752777777777779,35.56666666666667,6.752777777777779,,,6,0,6,87,39,194,7,59,21,45,2017-12-17,0
2017-12-18 00:05:01.631331,2017-12-18 23:48:47.310457,3.583333333333333,1.245,3.583333333333333,1.245,,,10,0,10,24,33,60,7,5,22,16,2017-12-18,0
2017-12-19 03:46:11.845977,2017-12-19 22:35:31.784173,7.083333333333333,2.0055555555555555,7.083333333333333,2.0055555555555555,,,9,0,9,40,46,99,8,38,22,1,2017-12-19,0
2017-12-20 01:04:42.304157,2017-12-20 22:32:15.553356,2.1,1.0285714285714287,2.1,1.0285714285714287,,,7,0,7,15,22,35,8,5,20,53,2017-12-20,0
2017-12-21 00:45:54.711186,2017-12-21 22:32:50.200105,6.483333333333333,2.0166666666666666,6.483333333333333,2.0166666666666666,,,10,0,10,28,71,73,7,10,22,4,2017-12-21,0
2017-12-22 03:14:41.232734,2017-12-22 21:43:44.149089,17.983333333333334,4.495238095238095,17.983333333333334,4.495238095238095,,,7,0,7,47,49,111,8,13,21,9,2017-12-22,0
2017-12-23 01:15:44.842550,2017-12-23 23:01:23.470515,2.8833333333333333,1.3111111111111111,2.8833333333333333,1.3111111111111111,,,3,0,3,5,18,19,6,59,22,50,2017-12-23,0
2017-12-24 01:30:47.126836,2017-12-24 23:12:40.301099,2.85,1.1229166666666668,2.85,1.1229166666666668,,,8,0,8,26,24,45,8,35,23,17,2017-12-24,0
2017-12-25 01:02:28.159647,2017-12-25 21:42:43.258461,3.066666666666667,3.066666666666667,3.066666666666667,3.066666666666667,,,1,0,1,6,20,22,7,53,21,11,2017-12-25,0
2017-12-26 00:15:30.540301,2017-12-26 23:57:04.436117,7.65,3.0541666666666667,7.65,3.0541666666666667,,,4,0,4,29,22,39,7,14,22,0,2017-12-26,0
2017-12-27 03:05:40.654165,2017-12-27 23:08:35.663656,3.983333333333333,1.5592592592592591,3.983333333333333,1.5592592592592591,,,9,0,9,35,47,74,8,29,21,7,2017-12-27,0
2017-12-28 01:30:14.290565,2017-12-28 23:54:34.788743,10.883333333333333,2.315555555555556,10.883333333333333,2.315555555555556,,,15,0,15,74,93,164,6,43,21,20,2017-12-28,0
2017-12-29 01:10:50.280842,2017-12-29 23:25:40.770564,16.133333333333333,8.233333333333333,16.133333333333333,8.233333333333333,,,2,0,2,46,22,95,7,21,21,3,2017-12-29,0
2017-12-30 00:18:03.474205,2017-12-30 22:28:40.198246,3.183333333333333,1.84,3.183333333333333,1.84,,,10,0,10,48,43,85,8,52,21,23,2017-12-30,0
2017-12-31 00:17:03.779746,2017-12-31 22:35:40.450057,2.05,2.05,2.05,2.05,,,1,0,1,3,17,18,8,12,21,50,2017-12-31,0
2018-01-01 03:16:02.913991,2018-01-01 22:05:48.508584,11.083333333333334,3.0958333333333337,11.083333333333334,3.0958333333333337,,,4,0,4,32,26,72,7,29,21,11,2018-01-01,0
2018-01-02 02:24:47.909658,2018-01-02 22:44:50.205748,5.15,2.729166666666667,5.15,2.729166666666667,,,4,0,4,19,33,59,8,28,21,54,2018-01-02,0
2018-01-03 00:32:14.293971,2018-01-03 21:40:34.494808,11.266666666666667,2.1933333333333334,11.266666666666667,2.1933333333333334,,,10,0,10,61,37,103,8,37,21,4,2018-01-03,0
2018-01-04 01:27:49.517288,2018-01-04 23:41:44.683748,12.533333333333331,2.2314814814814814,12.533333333333331,2.2314814814814814,,,9,0,9,60,45,128,8,5,22,38,2018-01-04,0
2018-01-05 00:50:17.683758,2018-01-05 22:23:30.964973,5.533333333333333,3.638888888888889,5.533333333333333,3.638888888888889,,,3,0,3,20,12,44,8,6,21,28,2018-01-05,0
2018-01-06 00:10:28.724744,2018-01-06 22:26:44.102303,18.9,3.0401960784313724,18.9,3.0401960784313724,,,17,0,17,40,68,153,8,46,21,51,2018-01-06,0
2018-01-07 00:24:30.484278,2018-01-07 21:11:40.590888,11.15,3.5023809523809524,11.15,4.716666666666667,0.6,0.4666666666666667,5,2,7,50,61,138,8,54,21,0,2018-01-07,1
2018-01-08 00:09:52.788172,2018-01-08 23:03:15.399025,13.883333333333333,2.7640350877192983,13.883333333333333,2.7640350877192983,,,19,0,19,100,81,235,7,47,21,40,2018-01-08,1
2018-01-09 00:36:31.873877,2018-01-09 23:43:39.313919,13.45,5.044444444444444,13.45,4.783333333333333,7.133333333333334,7.133333333333334,8,1,9,73,64,146,8,16,21,1,2018-01-09,1
2018-01-10 01:01:43.364586,2018-01-10 23:00:18.266840,16.183333333333334,2.838888888888889,16.183333333333334,2.898148148148148,3.933333333333333,2.661111111111111,9,3,12,47,42,93,9,12,21,44,2018-01-10,0
2018-01-11 00:20:51.805221,2018-01-11 22:01:02.032609,11.883333333333333,6.209999999999999,11.883333333333333,6.209999999999999,,,5,0,5,67,59,171,8,47,21,36,2018-01-11,0
2018-01-12 00:55:43.282772,2018-01-12 23:56:56.994012,15.8,4.37,15.8,4.37,,,5,0,5,50,55,119,6,58,23,24,2018-01-12,0
2018-01-13 00:10:16.234360,2018-01-13 21:20:33.936475,8.516666666666667,3.244444444444445,8.516666666666667,3.244444444444445,,,6,0,6,57,59,83,7,40,21,21,2018-01-13,0
2018-01-14 01:15:44.403274,2018-01-14 22:43:13.612726,32.233333333333334,11.175,32.233333333333334,11.175,,,4,0,4,94,64,139,8,9,22,7,2018-01-14,0
2018-01-15 02:52:50.220305,2018-01-15 23:34:32.554809,10.383333333333333,4.455555555555556,10.383333333333333,4.455555555555556,,,3,0,3,38,38,95,8,5,21,14,2018-01-15,1
2018-01-16 06:16:31.910339,2018-01-16 22:36:08.635857,7.166666666666667,3.702380952380953,7.166666666666667,3.702380952380953,,,7,0,7,55,40,95,6,17,22,16,2018-01-16,0
2018-01-17 00:00:04.279198,2018-01-17 21:38:36.749783,3.2,1.6866666666666668,3.2,1.6866666666666668,,,5,0,5,11,28,34,8,38,21,15,2018-01-17,0
2018-01-18 00:20:50.468586,2018-01-18 22:00:01.027276,3.1166666666666667,1.6791666666666667,3.1166666666666667,1.6791666666666667,,,8,0,8,63,47,81,7,44,21,32,2018-01-18,0
2018-01-19 00:37:17.812513,2018-01-19 21:36:23.517433,11.483333333333333,4.308333333333333,11.483333333333333,4.308333333333333,,,4,0,4,34,35,68,8,9,21,41,2018-01-19,0
2018-01-20 00:34:25.930109,2018-01-20 23:56:45.996049,4.4,2.242857142857143,4.4,2.242857142857143,,,7,0,7,56,47,87,7,50,20,51,2018-01-20,0
2018-01-21 00:00:45.445686,2018-01-21 22:15:53.485255,8.016666666666667,2.630952380952381,8.016666666666667,2.630952380952381,,,7,0,7,34,44,68,8,15,22,16,2018-01-21,0
2018-01-22 01:03:57.630528,2018-01-22 22:02:39.297846,4.266666666666667,2.35,4.266666666666667,2.35,,,5,0,5,22,26,49,7,25,21,29,2018-01-22,0
2018-01-23 04:53:04.863559,2018-01-23 23:20:19.587471,10.183333333333334,4.8500000000000005,10.183333333333334,4.8500000000000005,,,3,0,3,25,46,69,8,54,22,22,2018-01-23,0
2018-01-24 03:37:22.749809,2018-01-24 22:00:50.721592,8.433333333333334,4.575,8.433333333333334,4.575,,,4,0,4,30,52,73,8,38,21,23,2018-01-24,0
2018-01-25 02:13:16.363114,2018-01-25 22:38:47.182795,18.633333333333333,4.140740740740741,18.633333333333333,4.140740740740741,,,9,0,9,94,59,182,8,23,22,42,2018-01-25,0
2018-01-26 03:43:23.313178,2018-01-26 22:21:03.047683,6.583333333333333,1.4462962962962962,6.583333333333333,1.4462962962962962,,,9,0,9,27,29,56,7,14,21,29,2018-01-26,0
2018-01-27 02:53:28.506145,2018-01-27 23:10:12.922732,5.933333333333334,2.266666666666667,5.933333333333334,2.266666666666667,,,9,0,9,61,62,106,8,36,22,33,2018-01-27,0
2018-01-28 03:11:54.300307,2018-01-28 21:57:40.487700,8.35,2.7380952380952377,8.35,2.7380952380952377,,,7,0,7,30,26,76,8,59,22,1,2018-01-28,0
2018-01-29 01:31:44.025149,2018-01-29 23:51:49.572851,6.233333333333333,2.583333333333333,6.233333333333333,2.583333333333333,,,3,0,3,21,27,42,7,43,21,5,2018-01-29,0
2018-01-30 07:22:07.586224,2018-01-30 23:19:04.016024,6.35,4.175,6.35,4.175,,,2,0,2,22,24,51,8,23,22,18,2018-01-30,0
2018-01-31 03:00:38.710553,2018-01-31 22:08:34.981931,4.983333333333333,2.8000000000000003,4.983333333333333,2.8000000000000003,,,3,0,3,17,20,44,7,50,21,7,2018-01-31,0
2018-02-01 02:35:46.146078,2018-02-01 22:25:25.728285,15.783333333333331,4.069696969696969,7.3,2.898333333333333,15.783333333333331,15.783333333333331,10,1,11,48,41,102,7,54,21,57,2018-02-01,0
2018-02-02 01:16:32.477400,2018-02-02 21:37:33.536780,11.916666666666666,4.286666666666667,11.916666666666666,4.286666666666667,,,5,0,5,39,55,90,8,15,21,3,2018-02-02,0
2018-02-03 00:46:12.423405,2018-02-03 22:20:25.658111,16.216666666666665,3.7203703703703694,16.216666666666665,3.7203703703703694,,,9,0,9,50,59,109,6,15,21,41,2018-02-03,0
2018-02-04 01:51:50.423803,2018-02-04 22:05:41.859901,6.716666666666667,3.8833333333333337,6.716666666666667,3.8833333333333337,,,5,0,5,32,29,91,7,20,21,28,2018-02-04,0
2018-02-05 00:55:06.091470,2018-02-05 22:04:05.388861,10.533333333333331,4.390476190476191,10.533333333333331,4.390476190476191,,,7,0,7,56,48,125,8,0,21,32,2018-02-05,0
2018-02-06 01:44:23.173213,2018-02-06 22:07:10.485393,18.383333333333333,6.3,18.383333333333333,6.3,,,4,0,4,41,26,116,7,17,22,6,2018-02-06,1
2018-02-07 05:19:08.928137,2018-02-07 22:28:16.125854,6.5,2.240740740740741,6.5,2.240740740740741,,,9,0,9,71,55,116,5,20,21,56,2018-02-07,0
2018-02-08 01:48:45.183788,2018-02-08 22:23:35.036029,6.816666666666666,1.30625,6.816666666666666,1.30625,,,16,0,16,46,44,72,7,56,21,39,2018-02-08,1
2018-02-09 01:07:31.673715,2018-02-09 21:36:33.853472,8.766666666666667,3.410416666666667,8.766666666666667,3.410416666666667,,,8,0,8,64,48,117,7,34,21,1,2018-02-09,0
2018-02-10 01:12:46.383697,2018-02-10 23:00:52.196109,18.9,2.71,18.9,2.71,,,15,0,15,48,68,150,5,14,22,25,2018-02-10,0
2018-02-11 00:58:21.685937,2018-02-11 23:22:39.637,19.2,4.2407407407407405,19.2,4.2407407407407405,,,9,0,9,120,56,219,8,38,21,36,2018-02-11,0
2018-02-12 01:50:53.364495,2018-02-12 22:01:25.753613,11.55,3.995833333333333,11.55,3.995833333333333,,,8,0,8,107,55,167,7,34,21,32,2018-02-12,0
2018-02-13 02:25:40.005379,2018-02-13 22:39:03.449943,33.95,4.955555555555556,33.95,4.955555555555556,,,12,0,12,171,85,308,7,34,21,26,2018-02-13,1
2018-02-14 01:47:13.063128,2018-02-14 21:52:18.933800,9.466666666666669,3.125,9.466666666666669,3.125,,,16,0,16,153,71,192,7,7,21,11,2018-02-14,0
2018-02-15 00:12:52.967692,2018-02-15 22:20:06.981866,9.166666666666666,2.021428571428572,9.166666666666666,2.021428571428572,,,7,0,7,45,30,69,7,24,21,46,2018-02-15,0
2018-02-16 00:50:39.766232,2018-02-16 22:56:36.719715,8.266666666666667,8.266666666666667,8.266666666666667,8.266666666666667,,,1,0,1,23,27,57,6,59,21,32,2018-02-16,0
2018-02-17 00:35:23.820033,2018-02-17 22:08:13.460207,5.583333333333333,2.191666666666667,5.583333333333333,2.191666666666667,,,6,0,6,40,34,57,7,54,21,33,2018-02-17,0
2018-02-18 01:20:58.822767,2018-02-18 23:32:16.409219,16.933333333333334,11.491666666666667,16.933333333333334,11.491666666666667,,,2,0,2,78,48,135,8,29,21,38,2018-02-18,1
2018-02-19 01:02:13.800126,2018-02-19 21:40:33.089717,58.46666666666667,9.829629629629627,11.35,3.75,58.46666666666667,58.46666666666667,8,1,9,50,52,117,6,48,20,59,2018-02-19,1
2018-02-20 02:00:41.599279,2018-02-20 22:48:31.890485,9.533333333333331,3.423809523809524,9.533333333333331,3.423809523809524,,,7,0,7,34,48,99,7,30,22,16,2018-02-20,0
2018-02-21 03:04:11.610331,2018-02-21 21:58:05.489401,5.85,1.6507575757575756,5.85,1.6507575757575756,,,22,0,22,55,47,153,8,24,21,24,2018-02-21,0
2018-02-22 00:19:05.175462,2018-02-22 23:03:38.785895,11.016666666666667,3.2809523809523813,11.016666666666667,3.2809523809523813,,,14,0,14,101,107,230,7,17,21,41,2018-02-22,0
2018-02-23 02:33:38.034751,2018-02-23 21:55:29.341874,26.183333333333334,7.25,26.183333333333334,7.25,,,7,0,7,107,71,208,8,28,21,58,2018-02-23,0
2018-02-24 00:50:24.558482,2018-02-24 21:58:26.847641,24.383333333333333,5.152380952380952,24.383333333333333,5.152380952380952,,,7,0,7,117,59,198,7,6,21,11,2018-02-24,0
2018-02-25 02:07:27.049228,2018-02-25 23:32:01.908460,9.266666666666667,1.930555555555556,9.266666666666667,1.930555555555556,,,12,0,12,41,32,93,7,27,21,55,2018-02-25,0
2018-02-26 01:53:26.332936,2018-02-26 23:03:16.861195,10.55,4.322222222222222,10.55,4.322222222222222,,,6,0,6,39,42,77,6,12,21,13,2018-02-26,0
2018-02-27 01:50:57.389841,2018-02-27 23:36:02.569311,8.183333333333334,3.433333333333333,8.183333333333334,3.433333333333333,,,13,0,13,117,81,208,8,12,22,8,2018-02-27,0
2018-02-28 01:54:43.093498,2018-02-28 22:12:33.198193,17.216666666666665,14.566666666666666,17.216666666666665,14.566666666666666,,,2,0,2,38,45,83,7,21,21,53,2018-02-28,0
2018-03-01 01:35:36.857127,2018-03-01 23:19:07.766829,6.916666666666667,1.798611111111111,6.916666666666667,1.798611111111111,,,12,0,12,53,45,96,8,47,22,3,2018-03-01,0
2018-03-02 02:41:55.751220,2018-03-02 22:12:47.228317,9.783333333333331,2.1435897435897435,9.783333333333331,2.1435897435897435,,,13,0,13,48,77,128,7,27,21,6,2018-03-02,0
2018-03-03 00:47:42.827444,2018-03-03 23:47:38.150827,20.75,3.676388888888889,20.75,3.676388888888889,,,12,0,12,114,88,271,7,3,21,43,2018-03-03,0
2018-03-04 00:04:26.552478,2018-03-04 21:58:52.968067,173.43333333333334,38.22666666666667,173.43333333333334,38.22666666666667,,,5,0,5,47,46,112,7,17,21,28,2018-03-04,0
2018-03-05 01:47:05.537926,2018-03-05 22:07:30.242721,12.6,3.725925925925926,12.6,3.725925925925926,,,9,0,9,79,88,170,7,3,21,31,2018-03-05,0
2018-03-06 00:55:58.366726,2018-03-06 21:53:33.337639,7.616666666666666,2.1,7.616666666666666,2.1,,,8,0,8,33,35,84,5,50,21,56,2018-03-06,0
2018-03-07 01:37:55.068589,2018-03-07 23:47:14.467167,8.05,2.2060606060606065,8.05,2.2060606060606065,,,11,0,11,40,53,79,7,13,21,50,2018-03-07,0
2018-03-08 04:04:50.548546,2018-03-08 22:07:31.515305,7.116666666666666,1.8023809523809524,7.116666666666666,1.8023809523809524,,,7,0,7,20,23,59,7,40,21,23,2018-03-08,0
2018-03-09 00:34:01.818212,2018-03-09 23:39:57.176764,9.333333333333334,3.083333333333333,9.333333333333334,3.083333333333333,,,4,0,4,28,34,54,7,36,21,8,2018-03-09,1
2018-03-10 00:21:24.504531,2018-03-10 23:31:34.744872,20.216666666666665,3.090277777777777,20.216666666666665,3.090277777777777,,,12,0,12,94,51,157,7,18,23,32,2018-03-10,0
2018-03-11 00:39:15.313770,2018-03-11 22:06:21.698177,7.0,2.605555555555556,7.0,2.605555555555556,,,6,0,6,26,27,65,7,21,21,28,2018-03-11,0
2018-03-12 00:41:04.812582,2018-03-12 21:20:23.111829,19.1,3.319230769230769,19.1,3.319230769230769,,,13,0,13,74,75,145,8,2,21,23,2018-03-12,0
2018-03-13 00:20:57.793382,2018-03-13 22:49:22.047242,8.983333333333333,1.5074074074074073,8.983333333333333,1.5074074074074073,,,9,0,9,19,25,50,7,15,22,26,2018-03-13,0
2018-03-14 01:13:56.989360,2018-03-14 23:50:04.867967,7.8,7.8,7.8,7.8,,,1,0,1,12,38,55,8,17,21,56,2018-03-14,0
2018-03-15 00:16:10.616966,2018-03-15 21:31:47.846568,9.316666666666666,3.0483333333333333,9.316666666666666,3.0483333333333333,,,10,0,10,71,61,134,7,22,21,34,2018-03-15,0
2018-03-16 02:03:44.821459,2018-03-16 23:57:48.945854,8.333333333333334,2.841666666666667,8.333333333333334,2.841666666666667,,,10,0,10,54,81,128,7,11,21,38,2018-03-16,0
2018-03-17 00:25:35.658745,2018-03-17 21:20:39.407929,12.583333333333334,3.597222222222222,12.583333333333334,3.597222222222222,,,6,0,6,64,39,97,7,35,21,21,2018-03-17,0
2018-03-18 02:06:48.529851,2018-03-18 21:00:05.397153,11.383333333333333,6.68,11.383333333333333,6.68,,,5,0,5,57,64,159,7,16,21,0,2018-03-18,0
2018-03-19 01:40:11.100462,2018-03-19 21:27:52.595199,7.416666666666667,3.0083333333333333,7.416666666666667,3.0083333333333333,,,6,0,6,30,42,92,3,58,21,28,2018-03-19,0
2018-03-20 01:08:56.420196,2018-03-20 22:24:40.791218,7.166666666666667,4.083333333333333,7.166666666666667,4.083333333333333,,,4,0,4,28,31,80,7,30,22,3,2018-03-20,0
2018-03-21 00:27:41.949458,2018-03-21 21:36:52.812052,12.216666666666669,11.841666666666669,12.216666666666669,11.841666666666669,,,2,0,2,57,36,124,8,38,21,0,2018-03-21,0
2018-03-22 00:25:09.978497,2018-03-22 23:54:09.851438,9.316666666666666,3.293939393939394,9.316666666666666,3.293939393939394,,,11,0,11,50,68,152,8,26,22,6,2018-03-22,0
2018-03-23 02:05:27.203389,2018-03-23 21:56:23.555489,17.816666666666666,4.285714285714286,17.816666666666666,4.285714285714286,,,7,0,7,32,44,80,8,10,21,16,2018-03-23,0
2018-03-24 00:08:50.713352,2018-03-24 22:23:03.720770,57.516666666666666,38.63888888888889,57.516666666666666,38.63888888888889,,,3,0,3,116,64,238,8,29,21,10,2018-03-24,0
2018-03-25 00:48:49.815857,2018-03-25 23:53:18.131761,22.03333333333333,17.84166666666667,22.03333333333333,17.84166666666667,,,2,0,2,88,33,151,8,19,21,33,2018-03-25,0
2018-03-26 01:20:27.350705,2018-03-26 22:08:43.421708,7.833333333333333,2.4033333333333333,7.833333333333333,2.4033333333333333,,,5,0,5,19,47,68,8,16,21,45,2018-03-26,0
2018-03-27 00:39:19.688990,2018-03-27 21:13:37.977458,13.066666666666666,8.658333333333333,13.066666666666666,8.658333333333333,,,2,0,2,16,33,75,4,10,21,12,2018-03-27,0
2018-03-28 00:27:31.091022,2018-03-28 21:12:12.636321,4.083333333333333,2.2333333333333334,4.083333333333333,2.2333333333333334,,,4,0,4,5,22,32,6,56,21,13,2018-03-28,0
2018-03-29 01:49:36.466037,2018-03-29 21:43:18.376249,9.15,2.121212121212121,9.15,2.121212121212121,,,11,0,11,52,53,86,6,40,21,6,2018-03-29,0
2018-03-30 02:12:56.336868,2018-03-30 21:37:17.448543,11.066666666666666,5.425,11.066666666666666,5.425,,,4,0,4,29,51,92,7,46,20,59,2018-03-30,0
2018-03-31 02:10:50.370968,2018-03-31 22:14:50.889386,6.95,2.9642857142857144,6.95,2.9642857142857144,,,7,0,7,39,37,95,7,4,21,36,2018-03-31,0
2018-04-01 01:17:18.619373,2018-04-01 22:36:57.259478,7.4,3.8958333333333335,7.4,3.8958333333333335,,,4,0,4,28,41,61,7,22,22,7,2018-04-01,0
2018-04-02 02:10:35.255050,2018-04-02 21:40:56.602337,11.783333333333331,5.278571428571428,11.783333333333331,5.278571428571428,,,7,0,7,72,49,101,7,4,21,8,2018-04-02,0
2018-04-03 03:24:10.387909,2018-04-03 22:39:21.431492,7.383333333333334,1.231666666666667,7.383333333333334,1.231666666666667,,,10,0,10,28,25,59,6,27,22,44,2018-04-03,0
2018-04-04 03:25:35.762592,2018-04-04 21:09:02.666867,3.6666666666666665,2.045238095238095,3.6666666666666665,2.045238095238095,,,7,0,7,26,45,71,8,6,21,8,2018-04-04,0
2018-04-05 06:05:41.116069,2018-04-05 22:02:07.249814,5.766666666666667,1.961111111111111,5.766666666666667,1.961111111111111,,,6,0,6,42,41,72,7,45,21,30,2018-04-05,0
2018-04-06 01:17:15.446370,2018-04-06 23:47:48.744095,17.083333333333332,8.65,17.083333333333332,8.65,,,3,0,3,27,45,131,8,5,21,9,2018-04-06,0
2018-04-07 00:01:52.787931,2018-04-07 21:54:06.807143,1.0333333333333334,0.6555555555555556,1.0333333333333334,0.6555555555555556,,,3,0,3,0,9,9,9,17,21,18,2018-04-07,0
2018-04-08 00:42:25.539941,2018-04-08 22:25:13.982882,20.8,6.005555555555556,20.8,6.005555555555556,,,6,0,6,87,50,142,7,55,21,55,2018-04-08,0
2018-04-09 02:12:09.625210,2018-04-09 22:32:35.700314,8.55,2.479166666666667,8.55,2.479166666666667,,,8,0,8,30,32,82,7,40,21,18,2018-04-09,0
2018-04-10 00:56:57.583332,2018-04-10 22:37:51.333035,6.166666666666667,1.896666666666667,6.166666666666667,1.896666666666667,,,5,0,5,18,23,37,7,58,21,59,2018-04-10,0
2018-04-11 00:20:50.540138,2018-04-11 22:04:36.518854,8.2,2.6277777777777778,8.2,2.6277777777777778,,,9,0,9,39,69,103,7,32,22,9,2018-04-11,0
2018-04-12 00:23:19.222761,2018-04-12 22:59:23.709931,24.916666666666668,5.723809523809524,24.916666666666668,5.723809523809524,,,7,0,7,17,24,56,7,40,22,2,2018-04-12,0
2018-04-13 01:26:00.551725,2018-04-13 23:23:16.735705,9.5,5.075,9.5,5.075,,,6,0,6,54,40,99,7,16,22,18,2018-04-13,0
2018-04-14 00:25:34.720061,2018-04-14 22:53:24.492748,20.866666666666667,12.05,20.866666666666667,12.05,,,2,0,2,10,18,24,7,39,22,24,2018-04-14,0
2018-04-15 02:13:03.346535,2018-04-15 21:32:24.505741,9.766666666666667,3.9,9.766666666666667,3.9,,,4,0,4,27,34,74,8,6,21,37,2018-04-15,0
2018-04-16 01:00:13.368342,2018-04-16 23:38:36.502945,17.266666666666666,8.322222222222221,17.266666666666666,8.322222222222221,,,3,0,3,29,25,52,7,39,21,43,2018-04-16,0
2018-04-17 00:56:38.705753,2018-04-17 21:20:45.736694,10.033333333333331,5.2,10.033333333333331,5.2,,,2,0,2,20,16,41,7,46,21,25,2018-04-17,0
2018-04-18 00:12:53.670496,2018-04-18 21:55:26.303899,9.7,3.761111111111111,9.7,3.761111111111111,,,3,0,3,23,30,48,7,11,21,44,2018-04-18,0
2018-04-19 00:40:09.638766,2018-04-19 21:57:12.618859,7.616666666666666,3.0444444444444443,7.616666666666666,3.0444444444444443,,,3,0,3,19,30,45,7,37,21,32,2018-04-19,0
2018-04-20 00:40:27.154831,2018-04-20 23:45:42.772572,6.3,5.005555555555556,6.3,5.005555555555556,,,3,0,3,19,23,42,8,10,21,5,2018-04-20,0
2018-04-21 00:04:57.398380,2018-04-21 22:31:25.528072,9.266666666666667,4.556666666666667,9.266666666666667,4.556666666666667,,,5,0,5,38,43,96,6,28,22,36,2018-04-21,0
2018-04-22 02:23:58.615515,2018-04-22 23:10:33.962089,24.75,5.930000000000001,24.75,5.930000000000001,,,10,0,10,99,75,191,6,4,21,10,2018-04-22,0
2018-04-23 00:48:25.911712,2018-04-23 17:05:32.900887,15.483333333333333,3.9,15.483333333333333,3.9,,,9,0,9,98,81,205,5,55,21,0,2018-04-23,0
2018-04-24 06:50:23.028932,2018-04-24 20:06:56.977271,,,,,,,0,0,0,0,0,0,11,39,21,0,2018-04-24,0
2018-04-25 09:56:52.546480,2018-04-25 20:11:52.766857,,,,,,,0,0,0,0,0,0,9,58,21,0,2018-04-25,0
2018-04-26 09:17:25.173129,2018-04-26 22:55:25.770764,0.9,0.9,0.9,0.9,,,1,0,1,2,2,1,9,18,21,0,2018-04-26,0
2018-04-27 03:24:57.445292,2018-04-27 23:15:29.254501,,,,,,,0,0,0,0,0,0,12,27,21,0,2018-04-27,0
2018-04-28 00:43:14.950912,2018-04-28 22:19:21.680196,,,,,,,0,0,0,0,0,0,6,7,21,0,2018-04-28,0
2018-04-29 04:15:46.087316,2018-04-29 21:44:12.649555,,,,,,,0,0,0,0,0,0,10,58,21,0,2018-04-29,0
2018-04-30 04:45:58.594103,2018-04-30 22:03:33.216696,5.4,1.430952380952381,5.4,1.430952380952381,,,14,0,14,36,15,65,4,47,21,5,2018-04-30,0
2018-05-01 02:28:13.146489,2018-05-01 22:52:15.918985,11.3,6.7250000000000005,11.3,6.7250000000000005,,,2,0,2,50,40,90,7,46,21,51,2018-05-01,0
2018-05-02 01:19:47.087112,2018-05-02 23:22:45.733037,11.25,4.263333333333334,11.25,4.263333333333334,,,5,0,5,41,35,88,7,17,21,33,2018-05-02,0
2018-05-03 01:34:53.904115,2018-05-03 23:16:45.885377,8.9,3.588888888888889,8.9,3.588888888888889,,,3,0,3,18,20,43,6,45,21,52,2018-05-03,0
2018-05-04 00:42:34.407957,2018-05-04 23:30:44.553517,13.616666666666667,4.427777777777778,13.616666666666667,4.427777777777778,,,6,0,6,42,36,83,7,53,21,7,2018-05-04,0
2018-05-05 00:50:36.023575,2018-05-05 23:51:07.346313,2.933333333333333,0.9104166666666668,2.933333333333333,0.9785714285714284,0.4333333333333333,0.4333333333333333,7,1,8,27,9,27,7,33,21,13,2018-05-05,0
2018-05-06 00:03:00.550492,2018-05-06 23:55:15.959081,5.5,1.8604166666666664,5.5,1.8604166666666664,,,8,0,8,51,22,58,8,16,21,21,2018-05-06,0
2018-05-07 00:19:50.669788,2018-05-07 22:07:05.198030,6.733333333333333,6.733333333333333,6.733333333333333,6.733333333333333,,,1,0,1,19,22,48,7,21,21,19,2018-05-07,0
2018-05-08 01:10:11.904758,2018-05-08 23:01:18.057193,11.883333333333333,8.170833333333333,11.883333333333333,7.683333333333334,9.633333333333333,9.633333333333333,3,1,4,88,43,130,8,52,21,19,2018-05-08,0
2018-05-09 00:47:29.467701,2018-05-09 21:16:34.753027,15.133333333333333,5.304166666666666,15.133333333333333,5.304166666666666,,,4,0,4,12,7,34,8,6,21,18,2018-05-09,0
2018-05-10 00:53:46.110541,2018-05-10 23:29:54.788625,8.716666666666667,1.5020833333333334,8.716666666666667,1.5020833333333334,,,16,0,16,27,25,63,7,56,21,38,2018-05-10,0
2018-05-11 00:40:08.336976,2018-05-11 23:35:50.258548,10.45,10.45,10.45,10.45,,,1,0,1,21,23,57,8,19,21,40,2018-05-11,0
2018-05-12 01:19:20.067330,2018-05-12 23:26:46.218090,9.483333333333333,3.188095238095238,9.483333333333333,3.188095238095238,,,7,0,7,71,42,105,6,28,21,32,2018-05-12,0
2018-05-13 00:17:27.274618,2018-05-13 22:20:45.910632,12.983333333333333,8.505555555555555,12.983333333333333,8.505555555555555,,,3,0,3,53,38,90,8,33,22,1,2018-05-13,0
2018-05-14 00:17:47.152704,2018-05-14 22:16:09.735449,11.516666666666667,3.7916666666666665,11.516666666666667,3.7916666666666665,,,6,0,6,28,17,55,7,49,21,35,2018-05-14,0
2018-05-15 00:08:28.848578,2018-05-15 22:41:57.168028,6.783333333333333,3.6,6.783333333333333,3.6,,,2,0,2,13,17,31,8,6,22,23,2018-05-15,0
2018-05-16 00:46:31.014476,2018-05-16 23:56:13.724395,5.483333333333333,5.483333333333333,5.483333333333333,5.483333333333333,,,1,0,1,17,21,33,8,40,21,29,2018-05-16,0
2018-05-17 00:42:50.126857,2018-05-17 23:22:04.271660,8.033333333333333,2.525925925925926,8.033333333333333,2.525925925925926,,,9,0,9,51,26,68,7,49,21,40,2018-05-17,0
2018-05-18 00:55:35.358560,2018-05-18 23:17:47.781219,6.533333333333333,1.96,6.533333333333333,1.96,,,5,0,5,16,24,43,7,37,21,7,2018-05-18,0
2018-05-19 00:50:30.447474,2018-05-19 22:26:15.921928,6.733333333333333,3.55,6.733333333333333,3.55,,,2,0,2,16,11,34,8,51,21,29,2018-05-19,0
2018-05-20 01:41:08.731789,2018-05-20 22:25:33.024953,23.266666666666666,4.389583333333333,23.266666666666666,4.389583333333333,,,8,0,8,51,33,124,7,56,21,40,2018-05-20,0
2018-05-21 02:55:03.077792,2018-05-21 23:41:33.979134,3.8333333333333335,1.3541666666666667,3.8333333333333335,1.3541666666666667,,,8,0,8,27,19,27,6,46,21,19,2018-05-21,0
2018-05-22 00:24:15.295074,2018-05-22 23:37:44.893483,9.466666666666669,6.945833333333333,9.466666666666669,6.945833333333333,,,4,0,4,84,56,118,7,32,21,39,2018-05-22,0
2018-05-23 01:04:08.079615,2018-05-23 21:58:58.340509,8.816666666666666,2.033333333333333,8.816666666666666,2.033333333333333,,,13,0,13,57,46,87,7,18,21,15,2018-05-23,0
2018-05-24 00:39:25.520111,2018-05-24 23:38:43.598155,11.516666666666667,3.579166666666667,11.516666666666667,3.579166666666667,,,4,0,4,26,25,56,7,2,21,42,2018-05-24,0
2018-05-25 00:48:22.844183,2018-05-25 23:39:18.192597,9.766666666666667,2.7500000000000004,9.766666666666667,2.7500000000000004,,,5,0,5,19,24,53,7,40,21,23,2018-05-25,0
2018-05-26 00:54:52.808428,2018-05-26 22:39:11.298145,7.95,4.233333333333333,7.95,4.233333333333333,,,2,0,2,28,27,43,6,44,22,20,2018-05-26,0
2018-05-27 01:56:45.606608,2018-05-27 23:23:18.247963,7.866666666666666,6.591666666666667,7.866666666666666,6.591666666666667,,,2,0,2,12,11,29,8,38,21,31,2018-05-27,0
2018-05-28 00:52:22.800284,2018-05-28 23:49:00.449092,7.9,7.9,7.9,7.9,,,1,0,1,17,10,37,7,9,21,6,2018-05-28,0
2018-05-29 00:08:12.125490,2018-05-29 22:41:42.390078,20.466666666666665,5.143333333333333,20.466666666666665,5.143333333333333,,,5,0,5,32,24,96,7,22,22,22,2018-05-29,0
2018-05-30 00:40:38.387624,2018-05-30 22:02:13.629684,9.0,3.904166666666667,9.0,3.904166666666667,,,4,0,4,39,25,64,8,17,21,31,2018-05-30,0
2018-05-31 00:26:23.274612,2018-05-31 21:47:46.466676,7.533333333333333,1.7016666666666669,7.533333333333333,1.7016666666666669,,,10,0,10,33,32,53,6,31,21,10,2018-05-31,0
2018-06-01 00:19:56.192142,2018-06-01 23:57:08.511798,34.86666666666667,12.95,34.86666666666667,12.95,,,5,0,5,74,36,125,6,31,21,30,2018-06-01,0
2018-06-02 00:11:13.660811,2018-06-02 22:14:02.803221,7.833333333333333,5.2,7.833333333333333,5.2,,,3,0,3,14,12,39,6,48,21,26,2018-06-02,0
2018-06-03 00:13:49.847992,2018-06-03 23:51:45.707249,16.9,9.836666666666666,16.9,9.836666666666666,,,5,0,5,107,71,217,8,13,21,32,2018-06-03,0
2018-06-04 00:41:01.656641,2018-06-04 21:32:40.357709,12.283333333333331,4.733333333333333,8.783333333333333,3.4055555555555554,12.283333333333331,6.725,3,2,5,67,63,138,7,22,20,59,2018-06-04,0
2018-06-05 00:05:32.121765,2018-06-05 22:17:23.914826,11.2,6.343333333333333,11.2,6.343333333333333,,,5,0,5,92,71,151,7,52,21,56,2018-06-05,0
2018-06-06 00:06:01.925719,2018-06-06 21:48:23.968743,10.15,3.971428571428572,10.15,3.971428571428572,,,7,0,7,51,48,122,7,47,21,6,2018-06-06,0
2018-06-07 01:04:57.347786,2018-06-07 23:24:06.423159,5.666666666666667,1.8976190476190475,5.666666666666667,1.8976190476190475,,,7,0,7,26,20,42,7,19,21,56,2018-06-07,0
2018-06-08 00:04:17.919460,2018-06-08 23:44:26.350297,12.183333333333334,3.847222222222222,12.183333333333334,3.847222222222222,,,12,0,12,82,47,174,7,46,21,45,2018-06-08,0
2018-06-09 00:26:14.598312,2018-06-09 21:23:02.625672,31.366666666666667,7.253703703703703,31.366666666666667,7.253703703703703,,,9,0,9,57,57,129,7,5,21,27,2018-06-09,0
2018-06-10 00:43:45.307061,2018-06-10 23:58:22.702126,8.4,2.7115384615384617,8.4,2.7115384615384617,,,13,0,13,46,42,104,8,41,21,10,2018-06-10,0
2018-06-11 00:02:34.669305,2018-06-11 23:43:35.035887,8.05,1.371875,8.05,1.371875,,,16,0,16,25,25,71,7,36,23,47,2018-06-11,0
2018-06-12 00:06:40.837026,2018-06-12 22:23:31.240640,7.816666666666666,2.5375,7.816666666666666,2.5375,,,4,0,4,17,16,41,9,9,21,59,2018-06-12,0
2018-06-13 00:00:52.438682,2018-06-13 23:58:12.603080,9.916666666666666,4.638888888888888,9.916666666666666,4.638888888888888,,,6,0,6,39,31,96,8,0,21,33,2018-06-13,0
2018-06-14 00:09:09.334992,2018-06-14 23:55:54.596403,18.416666666666668,4.538095238095239,18.416666666666668,4.538095238095239,,,7,0,7,61,23,122,7,20,21,8,2018-06-14,0
2018-06-15 00:26:12.264770,2018-06-15 23:12:29.617202,30.133333333333333,6.688095238095237,30.133333333333333,6.688095238095237,,,7,0,7,22,13,51,6,41,23,8,2018-06-15,0
2018-06-16 00:18:25.375627,2018-06-16 22:06:44.936601,12.55,3.6740740740740745,12.55,4.427777777777778,8.1,3.2972222222222225,3,6,9,83,25,104,8,0,21,21,2018-06-16,0
2018-06-17 00:08:27.354274,2018-06-17 23:12:58.102710,9.316666666666666,2.973809523809524,9.316666666666666,2.973809523809524,,,7,0,7,44,34,87,8,10,21,36,2018-06-17,0
2018-06-18 00:07:11.479002,2018-06-18 23:26:36.794393,9.1,2.515277777777778,9.1,2.515277777777778,,,12,0,12,70,58,132,0,8,21,58,2018-06-18,0
2018-06-19 00:53:55.645462,2018-06-19 22:05:18.881553,11.85,3.0595238095238098,11.85,3.0595238095238098,,,7,0,7,15,34,68,7,1,21,40,2018-06-19,0
2018-06-20 00:02:02.303189,2018-06-20 23:17:27.388359,7.966666666666667,7.966666666666667,7.966666666666667,7.966666666666667,,,1,0,1,0,18,43,7,28,22,56,2018-06-20,0
2018-06-21 00:26:09.227480,2018-06-21 23:46:54.196049,7.216666666666667,2.283333333333333,7.216666666666667,2.283333333333333,,,4,0,4,4,25,39,7,38,21,49,2018-06-21,0
2018-06-22 01:09:09.899090,2018-06-22 23:58:15.866739,8.866666666666667,3.25,8.866666666666667,3.25,,,3,0,3,12,9,29,8,34,23,3,2018-06-22,0
2018-06-23 00:11:15.591479,2018-06-23 22:07:15.567779,7.85,3.703333333333333,7.85,3.703333333333333,,,5,0,5,24,24,70,7,43,21,35,2018-06-23,0
2018-06-24 00:33:17.317302,2018-06-24 22:51:04.476112,9.533333333333331,2.357692307692308,9.533333333333331,2.357692307692308,,,13,0,13,36,27,94,6,24,21,34,2018-06-24,0
2018-06-25 00:03:31.432417,2018-06-25 23:57:25.909448,12.666666666666666,12.666666666666666,12.666666666666666,12.666666666666666,,,1,0,1,23,12,58,0,30,21,29,2018-06-25,0
2018-06-26 00:25:50.968257,2018-06-26 22:18:36.414414,11.566666666666666,2.092592592592593,11.566666666666666,2.092592592592593,,,9,0,9,68,18,87,7,22,21,15,2018-06-26,0
2018-06-27 01:45:02.358374,2018-06-27 21:56:21.223308,10.283333333333331,1.9555555555555555,10.283333333333331,1.9555555555555555,,,15,0,15,32,51,117,9,0,21,0,2018-06-27,0
2018-06-28 01:21:36.889269,2018-06-28 22:06:39.643294,7.283333333333333,2.487037037037037,7.283333333333333,2.487037037037037,,,9,0,9,65,36,97,3,43,21,35,2018-06-28,0
2018-06-29 00:43:14.359739,2018-06-29 22:05:52.041744,9.083333333333334,1.3375,9.083333333333334,1.3375,,,12,0,12,18,24,56,7,48,21,42,2018-06-29,0
2018-06-30 00:05:07.472870,2018-06-30 23:38:25.127210,16.65,2.709722222222222,16.65,4.933333333333333,2.35,1.1214285714285714,5,7,12,69,27,132,8,14,21,32,2018-06-30,0
2018-07-01 00:53:38.614288,2018-07-01 23:56:33.651230,18.383333333333333,5.8625,18.383333333333333,5.8625,,,4,0,4,56,57,123,7,24,21,42,2018-07-01,0
2018-07-02 00:20:19.227368,2018-07-02 23:47:14.193784,15.983333333333333,2.8666666666666663,15.983333333333333,2.8666666666666663,,,10,0,10,91,76,148,6,20,21,17,2018-07-02,0
2018-07-03 01:02:00.772185,2018-07-03 23:31:25.034725,20.816666666666663,2.5692982456140347,20.816666666666663,2.975,2.4166666666666665,1.4333333333333331,14,5,19,85,42,145,8,40,21,23,2018-07-03,0
2018-07-04 01:38:36.669285,2018-07-04 23:58:13.417033,21.966666666666665,21.966666666666665,21.966666666666665,21.966666666666665,,,1,0,1,47,37,87,6,28,21,21,2018-07-04,0
2018-07-05 00:17:36.526842,2018-07-05 23:48:43.119698,21.95,11.225,21.95,11.225,,,2,0,2,78,45,126,6,42,23,43,2018-07-05,0
2018-07-06 00:33:52.342646,2018-07-06 21:59:12.768492,28.266666666666666,28.266666666666666,28.266666666666666,28.266666666666666,,,1,0,1,2,6,95,7,3,21,51,2018-07-06,0
2018-07-07 00:09:23.450957,2018-07-07 23:56:31.995001,7.466666666666667,1.5880952380952382,1.5833333333333333,0.6333333333333333,7.466666666666667,3.975,5,2,7,30,16,47,5,26,21,51,2018-07-07,0
2018-07-08 00:00:52.400926,2018-07-08 23:58:57.863682,4.616666666666666,1.4316666666666666,4.616666666666666,1.4316666666666666,,,10,0,10,23,21,49,7,52,21,30,2018-07-08,0
2018-07-09 00:17:53.226088,2018-07-09 23:36:40.238573,17.783333333333335,17.783333333333335,17.783333333333335,17.783333333333335,,,1,0,1,22,19,64,7,7,21,50,2018-07-09,0
2018-07-10 00:05:46.365662,2018-07-10 23:55:23.025472,17.3,3.3023809523809526,17.3,3.3023809523809526,,,7,0,7,84,35,120,6,11,22,13,2018-07-10,0
2018-07-11 00:03:54.448553,2018-07-11 22:26:45.441801,23.066666666666663,8.661111111111111,23.066666666666663,8.661111111111111,,,3,0,3,42,27,98,5,52,21,0,2018-07-11,0
2018-07-12 06:26:31.799859,2018-07-12 20:33:01.953896,,,,,,,0,0,0,0,0,0,6,27,21,0,2018-07-12,0
2018-07-13 11:55:44.506015,2018-07-13 18:34:55.415597,,,,,,,0,0,0,0,0,0,11,56,21,0,2018-07-13,0
2018-07-14 06:09:13.691846,2018-07-14 19:07:12.103083,,,,,,,0,0,0,0,0,0,6,10,21,0,2018-07-14,0
2018-07-15 01:56:42.701212,2018-07-15 17:43:00.105755,,,,,,,0,0,0,0,0,0,1,57,21,0,2018-07-15,0
2018-07-16 02:03:57.186201,2018-07-16 22:38:51.708137,,,,,,,0,0,0,0,0,0,2,5,21,0,2018-07-16,0
2018-07-17 00:36:49.247635,2018-07-17 15:20:56.405659,1.5,0.7333333333333334,1.5,0.7333333333333334,,,4,0,4,0,0,1,0,38,21,0,2018-07-17,0
2018-07-18 03:44:58.866439,2018-07-18 21:29:32.818837,1.0,1.0,1.0,1.0,,,1,0,1,3,1,6,3,46,21,0,2018-07-18,0
2018-07-19 02:07:46.562702,2018-07-19 15:14:18.887748,0.3333333333333333,0.3333333333333333,0.3333333333333333,0.3333333333333333,,,1,0,1,0,0,0,2,8,21,0,2018-07-19,0
2018-07-20 11:47:46.056737,2018-07-20 17:54:16.973798,,,,,,,0,0,0,0,0,0,11,48,21,0,2018-07-20,0
2018-07-21 08:01:23.154797,2018-07-21 20:32:14.572428,,,,,,,0,0,0,0,0,0,8,2,21,0,2018-07-21,0
2018-07-22 05:48:18.933038,2018-07-22 16:28:41.653294,,,,,,,0,0,0,0,0,0,5,49,21,0,2018-07-22,0
2018-07-24 01:15:48.226101,2018-07-24 01:15:48.226101,,,,,,,0,0,0,0,0,0,1,17,21,0,2018-07-24,0
2018-07-25 06:07:58.493424,2018-07-25 23:30:43.164150,,,,,,,0,0,0,0,0,0,6,52,21,0,2018-07-25,0
2018-07-26 04:01:24.237215,2018-07-26 15:21:52.210106,,,,,,,0,0,0,0,0,0,10,25,21,0,2018-07-26,0
2018-07-27 11:36:20.971422,2018-07-27 19:25:50.298785,,,,,,,0,0,0,0,0,0,11,37,21,0,2018-07-27,0
2018-07-28 09:52:40.758845,2018-07-28 23:57:31.386220,,,,,,,0,0,0,0,0,0,9,53,21,0,2018-07-28,0
2018-07-29 02:41:58.079252,2018-07-29 11:03:32.354213,,,,,,,0,0,0,0,0,0,2,43,21,0,2018-07-29,0
2018-07-30 09:00:01.323312,2018-07-30 18:33:37.518253,,,,,,,0,0,0,0,0,0,13,59,21,0,2018-07-30,0
2018-07-31 00:18:32.948746,2018-07-31 02:04:34.996453,,,,,,,0,0,0,0,0,0,13,59,19,0,2018-07-31,0
2018-08-01 10:53:35.655148,2018-08-01 14:06:50.666720,,,,,,,0,0,0,0,0,0,10,54,21,0,2018-08-01,0
2018-08-02 08:07:09.344729,2018-08-02 14:46:43.318400,,,,,,,0,0,0,0,0,0,8,8,21,0,2018-08-02,0
2018-08-03 09:36:30.957555,2018-08-03 22:49:00.513486,,,,,,,0,0,0,0,0,0,12,4,21,0,2018-08-03,0
2018-08-04 03:35:52.269842,2018-08-04 18:56:57.862948,,,,,,,0,0,0,0,0,0,3,37,21,0,2018-08-04,0
2018-08-05 16:59:40.008042,2018-08-05 16:59:40.008042,,,,,,,0,0,0,0,0,0,13,59,21,0,2018-08-05,0
2018-08-06 00:07:01.901364,2018-08-06 23:20:43.466934,,,,,,,0,0,0,0,0,0,0,8,21,0,2018-08-06,0
2018-08-07 03:57:58.499740,2018-08-07 17:16:03.209261,,,,,,,0,0,0,0,0,0,3,59,21,0,2018-08-07,0
2018-08-08 05:48:08.663146,2018-08-08 23:52:45.734096,1.45,0.7555555555555555,1.45,0.7555555555555555,,,3,0,3,5,7,8,5,49,21,5,2018-08-08,0
2018-08-09 01:02:10.520006,2018-08-09 23:25:47.443046,12.766666666666667,5.666666666666667,12.766666666666667,5.666666666666667,,,3,0,3,19,20,47,3,2,21,0,2018-08-09,0
2018-08-10 00:42:35.120962,2018-08-10 23:56:01.314779,6.233333333333333,3.283333333333333,6.233333333333333,3.283333333333333,,,2,0,2,8,17,43,6,10,20,47,2018-08-10,0
2018-08-11 00:11:25.069580,2018-08-11 23:59:58.821798,6.516666666666667,1.3433333333333333,6.516666666666667,1.3433333333333333,,,10,0,10,43,23,60,7,24,23,15,2018-08-11,0
2018-08-12 00:00:02.193427,2018-08-12 23:43:18.270669,7.033333333333333,7.033333333333333,7.033333333333333,7.033333333333333,,,1,0,1,22,16,35,8,14,21,27,2018-08-12,0
2018-08-13 00:15:45.407507,2018-08-13 23:12:44.193035,6.9,2.507142857142857,6.9,2.507142857142857,,,7,0,7,22,17,58,8,57,21,14,2018-08-13,0
2018-08-14 00:24:14.285531,2018-08-14 23:50:13.463416,8.483333333333333,4.633333333333333,8.483333333333333,8.483333333333333,0.7833333333333333,0.7833333333333333,1,1,2,11,25,61,8,32,21,41,2018-08-14,0
2018-08-15 01:08:04.497517,2018-08-15 23:52:30.258128,23.766666666666666,4.62962962962963,23.766666666666666,4.62962962962963,,,9,0,9,34,34,132,3,17,20,50,2018-08-15,0
2018-08-16 00:08:36.509373,2018-08-16 23:03:14.931505,11.033333333333331,5.866666666666666,11.033333333333331,5.866666666666666,,,2,0,2,23,20,57,7,57,21,13,2018-08-16,0
2018-08-17 01:19:59.812762,2018-08-17 23:32:09.795471,16.85,3.763888888888889,16.85,3.763888888888889,,,6,0,6,32,23,78,7,40,21,28,2018-08-17,0
2018-08-18 00:22:14.867104,2018-08-18 23:42:17.029903,10.45,2.555555555555556,10.45,2.555555555555556,,,6,0,6,21,34,89,6,48,21,19,2018-08-18,0
2018-08-19 00:24:27.404759,2018-08-19 21:50:48.803051,22.1,10.372222222222222,22.1,11.25,8.616666666666667,8.616666666666667,2,1,3,81,39,127,6,51,21,41,2018-08-19,0
2018-08-20 00:47:30.498643,2018-08-20 23:36:17.279085,25.3,8.892857142857142,25.3,8.892857142857142,,,7,0,7,69,93,187,5,11,22,4,2018-08-20,0
2018-08-21 00:09:22.664323,2018-08-21 23:59:30.834002,11.216666666666669,5.222222222222222,11.216666666666669,5.222222222222222,,,6,0,6,36,45,134,6,0,21,18,2018-08-21,0
2018-08-22 00:02:01.000943,2018-08-22 23:23:21.710924,16.2,4.053333333333333,16.2,3.5203703703703706,8.85,8.85,9,1,10,59,113,202,8,18,22,16,2018-08-22,0
2018-08-23 00:13:11.866324,2018-08-23 21:48:32.935227,23.95,5.009523809523809,23.95,5.009523809523809,,,7,0,7,36,37,140,8,0,21,9,2018-08-23,0
2018-08-24 00:55:04.397244,2018-08-24 23:39:08.701874,25.03333333333333,3.938095238095239,25.03333333333333,3.938095238095239,,,7,0,7,43,55,147,5,22,21,18,2018-08-24,0
2018-08-25 00:18:23.049453,2018-08-25 23:59:55.065229,27.8,8.956666666666667,27.8,8.956666666666667,,,10,0,10,76,68,185,6,2,21,6,2018-08-25,0
2018-08-26 00:59:33.822441,2018-08-26 23:30:47.797824,13.183333333333334,2.329629629629629,13.183333333333334,2.329629629629629,,,27,0,27,119,105,253,8,49,21,20,2018-08-26,0
2018-08-27 00:17:12.203884,2018-08-27 22:50:16.035947,14.566666666666666,4.741666666666666,14.566666666666666,4.741666666666666,,,6,0,6,53,34,111,7,16,22,54,2018-08-27,0
2018-08-28 00:18:54.765227,2018-08-28 23:57:23.071704,8.066666666666666,2.2907407407407407,8.066666666666666,2.2907407407407407,,,9,0,9,29,41,96,6,29,21,43,2018-08-28,0
2018-08-29 00:14:45.981375,2018-08-29 23:56:52.694810,30.58333333333333,11.983333333333333,30.58333333333333,30.58333333333333,12.116666666666667,5.783333333333334,1,3,4,70,47,176,8,16,21,28,2018-08-29,0
2018-08-30 00:18:08.292602,2018-08-30 23:41:24.623947,22.5,7.894444444444445,22.5,7.894444444444445,,,3,0,3,26,73,130,7,47,20,54,2018-08-30,0
